Alabama,District,Name,Party,Committee Assignment,
Alabama,1st,"Carl, Jerry",R,Appropriations|Natural Resources,
Alabama,2nd,"Moore, Barry",R,Agriculture|Judiciary,
Alabama,3rd,"Rogers, Mike",R,Armed Services,
Alabama,4th,"Aderholt, Robert",R,Appropriations,
Alabama,5th,"Strong, Dale",R,"Armed Services|Homeland Security|Science, Space, and Technology",
Alabama,6th,"Palmer, Gary",R,Oversight and Accountability|Energy and Commerce,
Alabama,7th,"Sewell, Terri",D,Armed Services|House Administration|Joint Committee of Congress on the Library|Ways and Means,
Alaska,Alaska,,,,
Alaska,District,Name,Party,Committee Assignment,
Alaska,At Large,"Peltola, Mary",D,Natural Resources|Transportation and Infrastructure,
American Samoa,American Samoa,,,,
American Samoa,District,Name,Party,Committee Assignment,
American Samoa,Delegate,"Radewagen, Aumua Amata",R,Foreign Affairs|Natural Resources|Veterans' Affairs,
Arizona,Arizona,,,,
Arizona,District,Name,Party,Committee Assignment,
Arizona,1st,"Schweikert, David",R,Ways and Means,
Arizona,2nd,"Crane, Elijah",R,Homeland Security|Small Business|Veterans' Affairs,
Arizona,3rd,"Gallego, Ruben",D,Armed Services|Natural Resources,
Arizona,4th,"Stanton, Greg",D,Foreign Affairs|Transportation and Infrastructure,
Arizona,5th,"Biggs, Andy",R,Oversight and Accountability|Judiciary,
Arizona,6th,"Ciscomani, Juan",R,Appropriations|Veterans' Affairs,
Arizona,7th,"Grijalva, Raul",D,Education and the Workforce|Natural Resources,
Arizona,8th,"Lesko, Debbie",R,Energy and Commerce|Select Subcommittee on the Coronavirus Pandemic,
Arizona,9th,"Gosar, Paul",R,Oversight and Accountability|Natural Resources,
Arkansas,Arkansas,,,,
Arkansas,District,Name,Party,Committee Assignment,
Arkansas,1st,"Crawford, Eric",R,"Agriculture|Intelligence|Transportation and Infrastructure|Science, Space, and Technology",
Arkansas,2nd,"Hill, J.",R,Financial Services|Foreign Affairs|Intelligence,
Arkansas,3rd,"Womack, Steve",R,Appropriations,
Arkansas,4th,"Westerman, Bruce",R,Natural Resources|Transportation and Infrastructure,
California,California,,,,
California,District,Name,Party,Committee Assignment,
California,1st,"LaMalfa, Doug",R,Agriculture|Natural Resources|Transportation and Infrastructure,
California,2nd,"Huffman, Jared",D,Natural Resources|Transportation and Infrastructure,
California,3rd,"Kiley, Kevin",R,Education and the Workforce|Judiciary,
California,4th,"Thompson, Mike",D,Ways and Means,
California,5th,"McClintock, Tom",R,Budget|Natural Resources|Judiciary,
California,6th,"Bera, Ami",D,Foreign Affairs|Intelligence|Select Subcommittee on the Coronavirus Pandemic,
California,7th,"Matsui, Doris",D,Energy and Commerce,
California,8th,"Garamendi, John",D,Armed Services|Select Subcommittee on the Weaponization of the Fed Govt|Transportation and Infrastructure,
California,9th,"Harder, Josh",D,Appropriations,
California,10th,"DeSaulnier, Mark",D,Education and the Workforce|Transportation and Infrastructure|Ethics,
California,11th,"Pelosi, Nancy",D,,
California,12th,"Lee, Barbara",D,Appropriations|Budget,
California,13th,"Duarte, John",R,Agriculture|Natural Resources|Transportation and Infrastructure,
California,14th,"Swalwell, Eric",D,Homeland Security|Judiciary,
California,15th,"Mullin, Kevin",D,"Natural Resources|Science, Space, and Technology",
California,16th,"Eshoo, Anna",D,Energy and Commerce,
California,17th,"Khanna, Ro",D,Armed Services|Oversight and Accountability|Select Comm on the Strategic Competition US and China,
California,18th,"Lofgren, Zoe",D,"Judiciary|Science, Space, and Technology",
California,19th,"Panetta, Jimmy",D,Armed Services|Budget|Ways and Means,
California,20th,"McCarthy, Kevin",R,,
California,21st,"Costa, Jim",D,Agriculture|Foreign Affairs,
California,22nd,"Valadao, David",R,Appropriations|Budget,
California,23rd,"Obernolte, Jay",R,"Energy and Commerce|Science, Space, and Technology",
California,24th,"Carbajal, Salud",D,Agriculture|Armed Services|Transportation and Infrastructure,
California,25th,"Ruiz, Raul",D,Energy and Commerce|Select Subcommittee on the Coronavirus Pandemic,
California,26th,"Brownley, Julia",D,Transportation and Infrastructure|Veterans' Affairs,
California,27th,"Garcia, Mike",R,"Appropriations|Intelligence|Science, Space, and Technology",
California,28th,"Chu, Judy",D,Small Business|Ways and Means,
California,29th,"Cardenas, Tony",D,Energy and Commerce,
California,30th,"Schiff, Adam",D,Judiciary,
California,31st,"Napolitano, Grace",D,Natural Resources|Transportation and Infrastructure,
California,32nd,"Sherman, Brad",D,Financial Services|Foreign Affairs,
California,33rd,"Aguilar, Pete",D,Appropriations,
California,34th,"Gomez, Jimmy",D,Oversight and Accountability|Intelligence,
California,35th,"Torres, Norma",D,Appropriations|House Administration,
California,36th,"Lieu, Ted",D,"Foreign Affairs|Judiciary|Science, Space, and Technology",
California,37th,"Kamlager-Dove, Sydney",D,Foreign Affairs|Natural Resources,
California,38th,"Sanchez, Linda",D,Select Subcommittee on the Weaponization of the Fed Govt|Ways and Means,
California,39th,"Takano, Mark",D,Education and the Workforce|Veterans' Affairs,
California,40th,"Kim, Young",R,Financial Services|Foreign Affairs,
California,41st,"Calvert, Ken",R,Appropriations,
California,42nd,"Garcia, Robert",D,Oversight and Accountability|Homeland Security|Select Subcommittee on the Coronavirus Pandemic,
California,43rd,"Waters, Maxine",D,Financial Services,
California,44th,"Barragan, Nanette",D,Energy and Commerce,
California,45th,"Steel, Michelle",R,Education and the Workforce|Ways and Means|Select Comm on the Strategic Competition US and China,
California,46th,"Correa, J.",D,Homeland Security|Judiciary,
California,47th,"Porter, Katie",D,Oversight and Accountability|Natural Resources,
California,48th,"Issa, Darrell",R,"Foreign Affairs|Select Subcommittee on the Weaponization of the Fed Govt|Judiciary|Science, Space, and Technology",
California,49th,"Levin, Mike",D,Natural Resources|Veterans' Affairs,
California,50th,"Peters, Scott",D,Budget|Energy and Commerce,
California,51st,"Jacobs, Sara",D,Armed Services|Foreign Affairs,
California,52nd,"Vargas, Juan",D,Financial Services,
Colorado,Colorado,,,,
Colorado,District,Name,Party,Committee Assignment,
Colorado,1st,"DeGette, Diana",D,Energy and Commerce,
Colorado,2nd,"Neguse, Joe",D,Natural Resources|Judiciary|Rules,
Colorado,3rd,"Boebert, Lauren",R,Oversight and Accountability|Natural Resources,
Colorado,4th,"Buck, Ken",R,Foreign Affairs|Judiciary,
Colorado,5th,"Lamborn, Doug",R,Armed Services|Natural Resources,
Colorado,6th,"Crow, Jason",D,Foreign Affairs|Intelligence,
Colorado,7th,"Pettersen, Brittany",D,Financial Services,
Colorado,8th,"Caraveo, Yadira",D,"Agriculture|Science, Space, and Technology",
Connecticut,Connecticut,,,,
Connecticut,District,Name,Party,Committee Assignment,
Connecticut,1st,"Larson, John",D,Ways and Means,
Connecticut,2nd,"Courtney, Joe",D,Armed Services|Education and the Workforce,
Connecticut,3rd,"DeLauro, Rosa",D,Appropriations,
Connecticut,4th,"Himes, James",D,Financial Services|Intelligence,
Connecticut,5th,"Hayes, Jahana",D,Agriculture|Education and the Workforce,
Delaware,Delaware,,,,
Delaware,District,Name,Party,Committee Assignment,
Delaware,At Large,"Blunt Rochester, Lisa",D,Energy and Commerce,
District of Columbia,District of Columbia,,,,
District of Columbia,District,Name,Party,Committee Assignment,
District of Columbia,Delegate,"Norton, Eleanor",D,Oversight and Accountability|Transportation and Infrastructure,
Florida,Florida,,,,
Florida,District,Name,Party,Committee Assignment,
Florida,1st,"Gaetz, Matt",R,Armed Services|Select Subcommittee on the Weaponization of the Fed Govt|Judiciary,
Florida,2nd,"Dunn, Neal",R,Energy and Commerce|Select Comm on the Strategic Competition US and China,
Florida,3rd,"Cammack, Kat",R,Agriculture|Select Subcommittee on the Weaponization of the Fed Govt|Energy and Commerce,
Florida,4th,"Bean, Aaron",R,Education and the Workforce|Transportation and Infrastructure|Small Business,
Florida,5th,"Rutherford, John",R,Appropriations|Ethics,
Florida,6th,"Waltz, Michael",R,Armed Services|Foreign Affairs|Intelligence,
Florida,7th,"Mills, Cory",R,Armed Services|Foreign Affairs,
Florida,8th,"Posey, Bill",R,"Financial Services|Science, Space, and Technology",
Florida,9th,"Soto, Darren",D,Agriculture|Energy and Commerce,
Florida,10th,"Frost, Maxwell",D,"Oversight and Accountability|Science, Space, and Technology",
Florida,11th,"Webster, Daniel",R,"Natural Resources|Transportation and Infrastructure|Science, Space, and Technology",
Florida,12th,"Bilirakis, Gus",R,Energy and Commerce,
Florida,13th,"Luna, Anna Paulina",R,Oversight and Accountability|Natural Resources,
Florida,14th,"Castor, Kathy",D,Energy and Commerce|Select Comm on the Strategic Competition US and China,
Florida,15th,"Lee, Laurel",R,House Administration|Homeland Security|Judiciary,
Florida,16th,"Buchanan, Vern",R,Joint Committee on Taxation|Ways and Means,
Florida,17th,"Steube, W.",R,Select Subcommittee on the Weaponization of the Fed Govt|Ways and Means,
Florida,18th,"Franklin, C.",R,"Appropriations|Science, Space, and Technology|Veterans' Affairs",
Florida,19th,"Donalds, Byron",R,Financial Services|Oversight and Accountability,
Florida,20th,"Cherfilus-McCormick, Sheila",D,Foreign Affairs|Veterans' Affairs,
Florida,21st,"Mast, Brian",R,Foreign Affairs|Transportation and Infrastructure,
Florida,22nd,"Frankel, Lois",D,Appropriations,
Florida,23rd,"Moskowitz, Jared",D,Foreign Affairs|Oversight and Accountability,
Florida,24th,"Wilson, Frederica",D,Education and the Workforce|Transportation and Infrastructure,
Florida,25th,"Wasserman Schultz, Debbie",D,Appropriations|Select Subcommittee on the Weaponization of the Fed Govt,
Florida,26th,"Diaz-Balart, Mario",R,Appropriations,
Florida,27th,"Salazar, Maria",R,Foreign Affairs|Small Business,
Florida,28th,"Gimenez, Carlos",R,Armed Services|Homeland Security|Select Comm on the Strategic Competition US and China,
Georgia,Georgia,,,,
Georgia,District,Name,Party,Committee Assignment,
Georgia,1st,"Carter, Earl",R,Budget|Energy and Commerce,
Georgia,2nd,"Bishop, Sanford",D,Agriculture|Appropriations,
Georgia,3rd,"Ferguson, A.",R,Budget|Ways and Means,
Georgia,4th,"Johnson, Henry",D,Judiciary|Transportation and Infrastructure,
Georgia,5th,"Williams, Nikema",D,Financial Services,
Georgia,6th,"McCormick, Richard",R,"Armed Services|Foreign Affairs|Science, Space, and Technology|Select Subcommittee on the Coronavirus Pandemic",
Georgia,7th,"McBath, Lucy",D,Education and the Workforce|Judiciary,
Georgia,8th,"Scott, Austin",R,Agriculture|Armed Services|Intelligence,
Georgia,9th,"Clyde, Andrew",R,Appropriations,
Georgia,10th,"Collins, Mike",R,"Natural Resources|Transportation and Infrastructure|Science, Space, and Technology",
Georgia,11th,"Loudermilk, Barry",R,Financial Services|House Administration,
Georgia,12th,"Allen, Rick",R,Education and the Workforce|Energy and Commerce,
Georgia,13th,"Scott, David",D,Agriculture|Financial Services,
Georgia,14th,"Greene, Marjorie",R,Oversight and Accountability|Homeland Security|Select Subcommittee on the Coronavirus Pandemic,
Guam,Guam,,,,
Guam,District,Name,Party,Committee Assignment,
Guam,Delegate,"Moylan, James",R,Armed Services|Natural Resources,
Hawaii,Hawaii,,,,
Hawaii,District,Name,Party,Committee Assignment,
Hawaii,1st,"Case, Ed",D,Appropriations|Natural Resources,
Hawaii,2nd,"Tokuda, Jill",D,Agriculture|Armed Services|Select Subcommittee on the Coronavirus Pandemic,
Idaho,Idaho,,,,
Idaho,District,Name,Party,Committee Assignment,
Idaho,1st,"Fulcher, Russ",R,Energy and Commerce|Natural Resources,
Idaho,2nd,"Simpson, Michael",R,Appropriations,
Illinois,Illinois,,,,
Illinois,District,Name,Party,Committee Assignment,
Illinois,1st,"Jackson, Jonathan",D,Agriculture|Foreign Affairs,
Illinois,2nd,"Kelly, Robin",D,Energy and Commerce,
Illinois,3rd,"Ramirez, Delia",D,Homeland Security|Veterans' Affairs,
Illinois,4th,"Garcia, Jesus",D,Transportation and Infrastructure,
Illinois,5th,"Quigley, Mike",D,Appropriations,
Illinois,6th,"Casten, Sean",D,"Financial Services|Science, Space, and Technology",
Illinois,7th,"Davis, Danny",D,Ways and Means,
Illinois,8th,"Krishnamoorthi, Raja",D,Oversight and Accountability|Intelligence|Select Comm on the Strategic Competition US and China,
Illinois,9th,"Schakowsky, Janice",D,Budget|Energy and Commerce,
Illinois,10th,"Schneider, Bradley",D,Foreign Affairs|Ways and Means,
Illinois,11th,"Foster, Bill",D,Financial Services,
Illinois,12th,"Bost, Mike",R,Agriculture|Transportation and Infrastructure|Veterans' Affairs,
Illinois,13th,"Budzinski, Nikki",D,Agriculture|Veterans' Affairs,
Illinois,14th,"Underwood, Lauren",D,Appropriations,
Illinois,15th,"Miller, Mary",R,Agriculture|Education and the Workforce,
Illinois,16th,"LaHood, Darin",R,Intelligence|Ways and Means|Select Comm on the Strategic Competition US and China,
Illinois,17th,"Sorensen, Eric",D,"Agriculture|Science, Space, and Technology",
Indiana,Indiana,,,,
Indiana,District,Name,Party,Committee Assignment,
Indiana,1st,"Mrvan, Frank",D,Education and the Workforce|Veterans' Affairs,
Indiana,2nd,"Yakym, Rudy",R,Budget|Transportation and Infrastructure,
Indiana,3rd,"Banks, Jim",R,Armed Services|Education and the Workforce|Select Comm on the Strategic Competition US and China,
Indiana,4th,"Baird, James",R,"Agriculture|Foreign Affairs|Science, Space, and Technology",
Indiana,5th,"Spartz, Victoria",R,Judiciary,
Indiana,6th,"Pence, Greg",R,Energy and Commerce,
Indiana,7th,"Carson, Andre",D,Intelligence|Transportation and Infrastructure|Select Comm on the Strategic Competition US and China,
Indiana,8th,"Bucshon, Larry",R,Energy and Commerce,
Indiana,9th,"Houchin, Erin",R,Financial Services|Education and the Workforce|Rules,
Iowa,Iowa,,,,
Iowa,District,Name,Party,Committee Assignment,
Iowa,1st,"Miller-Meeks, Mariannette",R,Energy and Commerce|Select Subcommittee on the Coronavirus Pandemic|Veterans' Affairs,
Iowa,2nd,"Hinson, Ashley",R,Appropriations|Select Comm on the Strategic Competition US and China,
Iowa,3rd,"Nunn, Zachary",R,Agriculture|Financial Services,
Iowa,4th,"Feenstra, Randy",R,Agriculture|Ways and Means,
Kansas,Kansas,,,,
Kansas,District,Name,Party,Committee Assignment,
Kansas,1st,"Mann, Tracey",R,Agriculture|Transportation and Infrastructure|Small Business,
Kansas,2nd,"LaTurner, Jake",R,Appropriations|Oversight and Accountability,
Kansas,3rd,"Davids, Sharice",D,Agriculture|Transportation and Infrastructure|Small Business,
Kansas,4th,"Estes, Ron",R,Budget|Education and the Workforce|Ways and Means,
Kentucky,Kentucky,,,,
Kentucky,District,Name,Party,Committee Assignment,
Kentucky,1st,"Comer, James",R,Education and the Workforce|Oversight and Accountability,
Kentucky,2nd,"Guthrie, Brett",R,Energy and Commerce,
Kentucky,3rd,"McGarvey, Morgan",D,Small Business|Veterans' Affairs,
Kentucky,4th,"Massie, Thomas",R,Select Subcommittee on the Weaponization of the Fed Govt|Judiciary|Transportation and Infrastructure|Rules,
Kentucky,5th,"Rogers, Harold",R,Appropriations,
Kentucky,6th,"Barr, Andy",R,Financial Services|Foreign Affairs|Select Comm on the Strategic Competition US and China,
Louisiana,Louisiana,,,,
Louisiana,District,Name,Party,Committee Assignment,
Louisiana,1st,"Scalise, Steve",R,,
Louisiana,2nd,"Carter, Troy",D,Homeland Security|Transportation and Infrastructure,
Louisiana,3rd,"Higgins, Clay",R,Oversight and Accountability|Homeland Security,
Louisiana,4th,"Johnson, Mike",R,Armed Services|Select Subcommittee on the Weaponization of the Fed Govt|Judiciary,
Louisiana,5th,"Letlow, Julia",R,Appropriations|Education and the Workforce,
Louisiana,6th,"Graves, Garret",R,Natural Resources|Transportation and Infrastructure,
Maine,Maine,,,,
Maine,District,Name,Party,Committee Assignment,
Maine,1st,"Pingree, Chellie",D,Agriculture|Appropriations,
Maine,2nd,"Golden, Jared",D,Armed Services|Small Business,
Maryland,Maryland,,,,
Maryland,District,Name,Party,Committee Assignment,
Maryland,1st,"Harris, Andy",R,Appropriations,
Maryland,2nd,"Ruppersberger, C.",D,Appropriations,
Maryland,3rd,"Sarbanes, John",D,Energy and Commerce,
Maryland,4th,"Ivey, Glenn",D,Homeland Security|Judiciary|Ethics,
Maryland,5th,"Hoyer, Steny",D,Appropriations,
Maryland,6th,"Trone, David",D,Appropriations|Budget,
Maryland,7th,"Mfume, Kweisi",D,Oversight and Accountability|Small Business|Select Subcommittee on the Coronavirus Pandemic,
Maryland,8th,"Raskin, Jamie",D,Oversight and Accountability,
Massachusetts,Massachusetts,,,,
Massachusetts,District,Name,Party,Committee Assignment,
Massachusetts,1st,"Neal, Richard",D,Joint Committee on Taxation|Ways and Means,
Massachusetts,2nd,"McGovern, James",D,Agriculture|Rules,
Massachusetts,3rd,"Trahan, Lori",D,Energy and Commerce,
Massachusetts,4th,"Auchincloss, Jake",D,Transportation and Infrastructure|Select Comm on the Strategic Competition US and China,
Massachusetts,5th,"Clark, Katherine",D,,
Massachusetts,6th,"Moulton, Seth",D,Armed Services|Transportation and Infrastructure|Select Comm on the Strategic Competition US and China,
Massachusetts,7th,"Pressley, Ayanna",D,Financial Services,
Massachusetts,8th,"Lynch, Stephen",D,Financial Services|Select Subcommittee on the Weaponization of the Fed Govt|Oversight and Accountability,
Massachusetts,9th,"Keating, William",D,Armed Services|Foreign Affairs,
Michigan,Michigan,,,,
Michigan,District,Name,Party,Committee Assignment,
Michigan,1st,"Bergman, Jack",R,Armed Services|Budget|Veterans' Affairs,
Michigan,2nd,"Moolenaar, John",R,Appropriations|Select Comm on the Strategic Competition US and China,
Michigan,3rd,"Scholten, Hillary",D,Transportation and Infrastructure|Small Business,
Michigan,4th,"Huizenga, Bill",R,Financial Services|Foreign Affairs,
Michigan,5th,"Walberg, Tim",R,Education and the Workforce|Energy and Commerce,
Michigan,6th,"Dingell, Debbie",D,Energy and Commerce|Natural Resources|Select Subcommittee on the Coronavirus Pandemic,
Michigan,7th,"Slotkin, Elissa",D,Agriculture|Armed Services,
Michigan,8th,"Kildee, Daniel",D,Budget|Ways and Means,
Michigan,9th,"McClain, Lisa",R,Armed Services|Budget|Education and the Workforce|Oversight and Accountability,
Michigan,10th,"James, John",R,Education and the Workforce|Foreign Affairs|Transportation and Infrastructure,
Michigan,11th,"Stevens, Haley",D,"Education and the Workforce|Science, Space, and Technology|Select Comm on the Strategic Competition US and China",
Michigan,12th,"Tlaib, Rashida",D,Financial Services|Oversight and Accountability,
Michigan,13th,"Thanedar, Shri",D,Homeland Security|Small Business,
Minnesota,Minnesota,,,,
Minnesota,District,Name,Party,Committee Assignment,
Minnesota,1st,"Finstad, Brad",R,Agriculture|Armed Services,
Minnesota,2nd,"Craig, Angie",D,Agriculture|Energy and Commerce,
Minnesota,3rd,"Phillips, Dean",D,Foreign Affairs|Small Business,
Minnesota,4th,"McCollum, Betty",D,Appropriations,
Minnesota,5th,"Omar, Ilhan",D,Budget|Education and the Workforce,
Minnesota,6th,"Emmer, Tom",R,Financial Services,
Minnesota,7th,"Fischbach, Michelle",R,Budget|Rules|Ethics|Ways and Means,
Minnesota,8th,"Stauber, Pete",R,Natural Resources|Transportation and Infrastructure|Small Business,
Mississippi,Mississippi,,,,
Mississippi,District,Name,Party,Committee Assignment,
Mississippi,1st,"Kelly, Trent",R,Agriculture|Armed Services|Intelligence,
Mississippi,2nd,"Thompson, Bennie",D,Homeland Security,
Mississippi,3rd,"Guest, Michael",R,Appropriations|Homeland Security|Ethics,
Mississippi,4th,"Ezell, Mike",R,Homeland Security|Transportation and Infrastructure,
Missouri,Missouri,,,,
Missouri,District,Name,Party,Committee Assignment,
Missouri,1st,"Bush, Cori",D,Oversight and Accountability|Judiciary,
Missouri,2nd,"Wagner, Ann",R,Financial Services|Foreign Affairs,
Missouri,3rd,"Luetkemeyer, Blaine",R,Financial Services|Small Business|Select Comm on the Strategic Competition US and China,
Missouri,4th,"Alford, Mark",R,Agriculture|Armed Services|Small Business,
Missouri,5th,"Cleaver, Emanuel",D,Financial Services,
Missouri,6th,"Graves, Sam",R,Armed Services|Transportation and Infrastructure,
Missouri,7th,"Burlison, Eric",R,Education and the Workforce|Oversight and Accountability|Transportation and Infrastructure,
Missouri,8th,"Smith, Jason",R,Joint Committee on Taxation|Ways and Means,
Montana,Montana,,,,
Montana,District,Name,Party,Committee Assignment,
Montana,1st,"Zinke, Ryan",R,"Appropriations|Science, Space, and Technology",
Montana,2nd,"Rosendale, Matthew",R,Natural Resources|Veterans' Affairs,
Nebraska,Nebraska,,,,
Nebraska,District,Name,Party,Committee Assignment,
Nebraska,1st,"Flood, Mike",R,Financial Services,
Nebraska,2nd,"Bacon, Don",R,Agriculture|Armed Services,
Nebraska,3rd,"Smith, Adrian",R,Joint Committee on Taxation|Ways and Means,
Nevada,Nevada,,,,
Nevada,District,Name,Party,Committee Assignment,
Nevada,1st,"Titus, Dina",D,Foreign Affairs|Homeland Security|Transportation and Infrastructure,
Nevada,2nd,"Amodei, Mark",R,Appropriations|Joint Committee of Congress on the Library,
Nevada,3rd,"Lee, Susie",D,Appropriations|Natural Resources,
Nevada,4th,"Horsford, Steven",D,Armed Services|Financial Services,
New Hampshire,New Hampshire,,,,
New Hampshire,District,Name,Party,Committee Assignment,
New Hampshire,1st,"Pappas, Chris",D,Transportation and Infrastructure|Small Business|Veterans' Affairs,
New Hampshire,2nd,"Kuster, Ann",D,Energy and Commerce,
New Jersey,New Jersey,,,,
New Jersey,District,Name,Party,Committee Assignment,
New Jersey,1st,"Norcross, Donald",D,Armed Services|Education and the Workforce,
New Jersey,2nd,"Van Drew, Jefferson",R,Judiciary|Transportation and Infrastructure,
New Jersey,3rd,"Kim, Andy",D,Armed Services|Foreign Affairs|Select Comm on the Strategic Competition US and China,
New Jersey,4th,"Smith, Christopher",R,Foreign Affairs,
New Jersey,5th,"Gottheimer, Josh",D,Financial Services|Intelligence,
New Jersey,6th,"Pallone, Frank",D,Energy and Commerce,
New Jersey,7th,"Kean, Thomas",R,"Foreign Affairs|Transportation and Infrastructure|Science, Space, and Technology",
New Jersey,8th,"Menendez, Robert",D,Homeland Security|Transportation and Infrastructure,
New Jersey,9th,"Pascrell, Bill",D,Ways and Means,
New Jersey,10th,"Payne, Donald",D,Homeland Security|Transportation and Infrastructure,
New Jersey,11th,"Sherrill, Mikie",D,Armed Services|Select Comm on the Strategic Competition US and China,
New Jersey,12th,"Watson Coleman, Bonnie",D,Appropriations,
New Mexico,New Mexico,,,,
New Mexico,District,Name,Party,Committee Assignment,
New Mexico,1st,"Stansbury, Melanie",D,Oversight and Accountability|Natural Resources,
New Mexico,2nd,"Vasquez, Gabe",D,Agriculture|Armed Services,
New Mexico,3rd,"Leger Fernandez, Teresa",D,Education and the Workforce|Natural Resources|Rules,
New York,New York,,,,
New York,District,Name,Party,Committee Assignment,
New York,1st,"LaLota, Nick",R,Armed Services|Homeland Security|Small Business,
New York,2nd,"Garbarino, Andrew",R,Financial Services|Homeland Security|Ethics,
New York,3rd,"Santos, George",R,,
New York,4th,"D'Esposito, Anthony",R,House Administration|Homeland Security|Transportation and Infrastructure,
New York,5th,"Meeks, Gregory",D,Financial Services|Foreign Affairs,
New York,6th,"Meng, Grace",D,Appropriations,
New York,7th,"Velazquez, Nydia",D,Financial Services|Natural Resources|Small Business,
New York,8th,"Jeffries, Hakeem",D,,
New York,9th,"Clarke, Yvette",D,Homeland Security|Energy and Commerce,
New York,10th,"Goldman, Daniel",D,Select Subcommittee on the Weaponization of the Fed Govt|Oversight and Accountability|Homeland Security,
New York,11th,"Malliotakis, Nicole",R,Select Subcommittee on the Coronavirus Pandemic|Ways and Means,
New York,12th,"Nadler, Jerrold",D,Judiciary,
New York,13th,"Espaillat, Adriano",D,Appropriations|Budget,
New York,14th,"Ocasio-Cortez, Alexandria",D,Oversight and Accountability|Natural Resources,
New York,15th,"Torres, Ritchie",D,Financial Services|Select Comm on the Strategic Competition US and China,
New York,16th,"Bowman, Jamaal",D,"Education and the Workforce|Science, Space, and Technology",
New York,17th,"Lawler, Michael",R,Financial Services|Foreign Affairs,
New York,18th,"Ryan, Patrick",D,Armed Services|Transportation and Infrastructure,
New York,19th,"Molinaro, Marcus",R,Agriculture|Transportation and Infrastructure|Small Business,
New York,20th,"Tonko, Paul",D,"Energy and Commerce|Science, Space, and Technology",
New York,21st,"Stefanik, Elise",R,Armed Services|Education and the Workforce|Select Subcommittee on the Weaponization of the Fed Govt|Intelligence,
New York,22nd,"Williams, Brandon",R,"Education and the Workforce|Transportation and Infrastructure|Science, Space, and Technology",
New York,23rd,"Langworthy, Nicholas",R,Agriculture|Oversight and Accountability|Rules,
New York,24th,"Tenney, Claudia",R,"Science, Space, and Technology|Ways and Means",
New York,25th,"Morelle, Joseph",D,Appropriations|House Administration|Joint Committee of Congress on the Library,
New York,26th,"Higgins, Brian",D,Budget|Ways and Means,
North Carolina,North Carolina,,,,
North Carolina,District,Name,Party,Committee Assignment,
North Carolina,1st,"Davis, Donald",D,Agriculture|Armed Services,
North Carolina,2nd,"Ross, Deborah",D,"Judiciary|Ethics|Science, Space, and Technology|Select Subcommittee on the Coronavirus Pandemic",
North Carolina,3rd,"Murphy, Gregory",R,House Administration|Veterans' Affairs|Ways and Means,
North Carolina,4th,"Foushee, Valerie",D,"Transportation and Infrastructure|Science, Space, and Technology",
North Carolina,5th,"Foxx, Virginia",R,Education and the Workforce|Oversight and Accountability,
North Carolina,6th,"Manning, Kathy",D,Education and the Workforce|Foreign Affairs,
North Carolina,7th,"Rouzer, David",R,Agriculture|Transportation and Infrastructure,
North Carolina,8th,"Bishop, Dan",R,Select Subcommittee on the Weaponization of the Fed Govt|Homeland Security|Judiciary,
North Carolina,9th,"Hudson, Richard",R,Energy and Commerce,
North Carolina,10th,"McHenry, Patrick",R,Financial Services,
North Carolina,11th,"Edwards, Chuck",R,Budget|Oversight and Accountability|Transportation and Infrastructure,
North Carolina,12th,"Adams, Alma",D,Agriculture|Education and the Workforce,
North Carolina,13th,"Nickel, Wiley",D,Financial Services,
North Carolina,14th,"Jackson, Jeff",D,"Armed Services|Science, Space, and Technology",
North Dakota,North Dakota,,,,
North Dakota,District,Name,Party,Committee Assignment,
North Dakota,At Large,"Armstrong, Kelly",R,Select Subcommittee on the Weaponization of the Fed Govt|Oversight and Accountability|Energy and Commerce,
Northern Mariana Islands,Northern Mariana Islands,,,,
Northern Mariana Islands,District,Name,Party,Committee Assignment,
Northern Mariana Islands,Delegate,"Sablan, Gregorio",D,Education and the Workforce|Natural Resources,
Ohio,Ohio,,,,
Ohio,District,Name,Party,Committee Assignment,
Ohio,1st,"Landsman, Greg",D,Small Business|Veterans' Affairs,
Ohio,2nd,"Wenstrup, Brad",R,Intelligence|Select Subcommittee on the Coronavirus Pandemic|Ways and Means,
Ohio,3rd,"Beatty, Joyce",D,Financial Services,
Ohio,4th,"Jordan, Jim",R,Select Subcommittee on the Weaponization of the Fed Govt|Oversight and Accountability|Judiciary,
Ohio,5th,"Latta, Robert",R,Energy and Commerce,
Ohio,6th,"Johnson, Bill",R,Energy and Commerce,
Ohio,7th,"Miller, Max",R,"Agriculture|Science, Space, and Technology",
Ohio,8th,"Davidson, Warren",R,Financial Services|Foreign Affairs,
Ohio,9th,"Kaptur, Marcy",D,Appropriations,
Ohio,10th,"Turner, Michael",R,Armed Services|Oversight and Accountability|Intelligence,
Ohio,11th,"Brown, Shontel",D,Agriculture|Oversight and Accountability|Select Comm on the Strategic Competition US and China,
Ohio,12th,"Balderson, Troy",R,Energy and Commerce,
Ohio,13th,"Sykes, Emilia",D,"Transportation and Infrastructure|Science, Space, and Technology",
Ohio,14th,"Joyce, David",R,Appropriations|Ethics,
Ohio,15th,"Carey, Mike",R,House Administration|Joint Committee of Congress on the Library|Ways and Means,
Oklahoma,Oklahoma,,,,
Oklahoma,District,Name,Party,Committee Assignment,
Oklahoma,1st,"Hern, Kevin",R,Ways and Means,
Oklahoma,2nd,"Brecheen, Josh",R,Budget|Homeland Security,
Oklahoma,3rd,"Lucas, Frank",R,"Agriculture|Financial Services|Science, Space, and Technology",
Oklahoma,4th,"Cole, Tom",R,Appropriations|Rules,
Oklahoma,5th,"Bice, Stephanie",R,"Appropriations|Budget|House Administration|Science, Space, and Technology",
Oregon,Oregon,,,,
Oregon,District,Name,Party,Committee Assignment,
Oregon,1st,"Bonamici, Suzanne",D,"Education and the Workforce|Science, Space, and Technology",
Oregon,2nd,"Bentz, Cliff",R,Natural Resources|Judiciary,
Oregon,3rd,"Blumenauer, Earl",D,Budget|Ways and Means,
Oregon,4th,"Hoyle, Val",D,Natural Resources|Transportation and Infrastructure,
Oregon,5th,"Chavez-DeRemer, Lori",R,Agriculture|Education and the Workforce|Transportation and Infrastructure,
Oregon,6th,"Salinas, Andrea",D,"Agriculture|Science, Space, and Technology",
Pennsylvania,Pennsylvania,,,,
Pennsylvania,District,Name,Party,Committee Assignment,
Pennsylvania,1st,"Fitzpatrick, Brian",R,Intelligence|Ways and Means,
Pennsylvania,2nd,"Boyle, Brendan",D,Budget,
Pennsylvania,3rd,"Evans, Dwight",D,Ways and Means,
Pennsylvania,4th,"Dean, Madeleine",D,Foreign Affairs|Judiciary,
Pennsylvania,5th,"Scanlon, Mary",D,Judiciary|Rules,
Pennsylvania,6th,"Houlahan, Chrissy",D,Armed Services|Intelligence,
Pennsylvania,7th,"Wild, Susan",D,Education and the Workforce|Foreign Affairs|Ethics,
Pennsylvania,8th,"Cartwright, Matt",D,Appropriations,
Pennsylvania,9th,"Meuser, Daniel",R,Financial Services|Small Business,
Pennsylvania,10th,"Perry, Scott",R,Foreign Affairs|Oversight and Accountability|Transportation and Infrastructure,
Pennsylvania,11th,"Smucker, Lloyd",R,Budget|Education and the Workforce|Ways and Means,
Pennsylvania,12th,"Lee, Summer",D,"Oversight and Accountability|Science, Space, and Technology",
Pennsylvania,13th,"Joyce, John",R,Energy and Commerce|Select Subcommittee on the Coronavirus Pandemic,
Pennsylvania,14th,"Reschenthaler, Guy",R,Appropriations|Rules,
Pennsylvania,15th,"Thompson, Glenn",R,Agriculture|Education and the Workforce,
Pennsylvania,16th,"Kelly, Mike",R,Ways and Means,
Pennsylvania,17th,"Deluzio, Christopher",D,Armed Services|Veterans' Affairs,
Puerto Rico,Puerto Rico,,,,
Puerto Rico,District,Name,Party,Committee Assignment,
Puerto Rico,Resident Commissioner,"Gonzalez-Colon, Jenniffer",R,Natural Resources|Transportation and Infrastructure,
Rhode Island,Rhode Island,,,,
Rhode Island,District,Name,Party,Committee Assignment,
Rhode Island,1st,"Cicilline, David N.- Vacancy",D,,
Rhode Island,2nd,"Magaziner, Seth",D,Homeland Security|Natural Resources,
South Carolina,South Carolina,,,,
South Carolina,District,Name,Party,Committee Assignment,
South Carolina,1st,"Mace, Nancy",R,Armed Services|Oversight and Accountability|Veterans' Affairs,
South Carolina,2nd,"Wilson, Joe",R,Armed Services|Education and the Workforce|Foreign Affairs,
South Carolina,3rd,"Duncan, Jeff",R,Energy and Commerce,
South Carolina,4th,"Timmons, William",R,Financial Services|Oversight and Accountability,
South Carolina,5th,"Norman, Ralph",R,Financial Services|Budget|Rules,
South Carolina,6th,"Clyburn, James",D,,
South Carolina,7th,"Fry, Russell",R,Oversight and Accountability|Judiciary,
South Dakota,South Dakota,,,,
South Dakota,District,Name,Party,Committee Assignment,
South Dakota,At Large,"Johnson, Dusty",R,Agriculture|Transportation and Infrastructure|Select Comm on the Strategic Competition US and China,
Tennessee,Tennessee,,,,
Tennessee,District,Name,Party,Committee Assignment,
Tennessee,1st,"Harshbarger, Diana",R,Energy and Commerce,
Tennessee,2nd,"Burchett, Tim",R,Foreign Affairs|Oversight and Accountability|Transportation and Infrastructure,
Tennessee,3rd,"Fleischmann, Charles",R,"Appropriations|Science, Space, and Technology",
Tennessee,4th,"DesJarlais, Scott",R,Agriculture|Armed Services,
Tennessee,5th,"Ogles, Andrew",R,Financial Services,
Tennessee,6th,"Rose, John",R,Agriculture|Financial Services,
Tennessee,7th,"Green, Mark",R,Foreign Affairs|Homeland Security,
Tennessee,8th,"Kustoff, David",R,Ways and Means,
Tennessee,9th,"Cohen, Steve",D,Judiciary|Transportation and Infrastructure,
Texas,Texas,,,,
Texas,District,Name,Party,Committee Assignment,
Texas,1st,"Moran, Nathaniel",R,Education and the Workforce|Foreign Affairs|Judiciary,
Texas,2nd,"Crenshaw, Dan",R,Energy and Commerce|Intelligence,
Texas,3rd,"Self, Keith",R,Foreign Affairs|Veterans' Affairs,
Texas,4th,"Fallon, Pat",R,Armed Services|Oversight and Accountability,
Texas,5th,"Gooden, Lance",R,Judiciary|Transportation and Infrastructure,
Texas,6th,"Ellzey, Jake",R,Appropriations|Small Business,
Texas,7th,"Fletcher, Lizzie",D,Energy and Commerce,
Texas,8th,"Luttrell, Morgan",R,Armed Services|Homeland Security|Veterans' Affairs,
Texas,9th,"Green, Al",D,Financial Services,
Texas,10th,"McCaul, Michael",R,Foreign Affairs|Homeland Security,
Texas,11th,"Pfluger, August",R,Homeland Security|Energy and Commerce,
Texas,12th,"Granger, Kay",R,Appropriations,
Texas,13th,"Jackson, Ronny",R,Agriculture|Armed Services|Foreign Affairs|Select Subcommittee on the Coronavirus Pandemic,
Texas,14th,"Weber, Randy",R,"Energy and Commerce|Science, Space, and Technology",
Texas,15th,"De La Cruz, Monica",R,Agriculture|Financial Services,
Texas,16th,"Escobar, Veronica",D,Armed Services|Judiciary|Ethics,
Texas,17th,"Sessions, Pete",R,Financial Services|Oversight and Accountability,
Texas,18th,"Jackson Lee, Sheila",D,Budget|Homeland Security|Judiciary,
Texas,19th,"Arrington, Jodey",R,Budget|Ways and Means,
Texas,20th,"Castro, Joaquin",D,Foreign Affairs|Intelligence,
Texas,21st,"Roy, Chip",R,Budget|Judiciary|Rules,
Texas,22nd,"Nehls, Troy",R,Judiciary|Transportation and Infrastructure,
Texas,23rd,"Gonzales, Tony",R,Appropriations|Homeland Security,
Texas,24th,"Van Duyne, Beth",R,Small Business|Ways and Means,
Texas,25th,"Williams, Roger",R,Financial Services|Small Business,
Texas,26th,"Burgess, Michael",R,Budget|Energy and Commerce|Rules,
Texas,27th,"Cloud, Michael",R,Appropriations|Select Subcommittee on the Coronavirus Pandemic,
Texas,28th,"Cuellar, Henry",D,Appropriations,
Texas,29th,"Garcia, Sylvia",D,Financial Services|Select Subcommittee on the Weaponization of the Fed Govt,
Texas,30th,"Crockett, Jasmine",D,Agriculture|Oversight and Accountability,
Texas,31st,"Carter, John",R,Appropriations,
Texas,32nd,"Allred, Colin",D,Foreign Affairs|Select Subcommittee on the Weaponization of the Fed Govt|Transportation and Infrastructure,
Texas,33rd,"Veasey, Marc",D,Armed Services|Energy and Commerce,
Texas,34th,"Gonzalez, Vicente",D,Financial Services,
Texas,35th,"Casar, Greg",D,Agriculture|Oversight and Accountability,
Texas,36th,"Babin, Brian",R,"Transportation and Infrastructure|Science, Space, and Technology",
Texas,37th,"Doggett, Lloyd",D,Budget|Joint Committee on Taxation|Ways and Means,
Texas,38th,"Hunt, Wesley",R,Natural Resources|Judiciary|Small Business,
Utah,Utah,,,,
Utah,District,Name,Party,Committee Assignment,
Utah,1st,"Moore, Blake",R,Budget|Ways and Means,
Utah,2nd,"Stewart, Chris- Vacancy",R,,
Utah,3rd,"Curtis, John",R,Energy and Commerce|Natural Resources,
Utah,4th,"Owens, Burgess",R,Education and the Workforce|Transportation and Infrastructure,
Vermont,Vermont,,,,
Vermont,District,Name,Party,Committee Assignment,
Vermont,At Large,"Balint, Becca",D,Budget|Judiciary,
Virginia,Virginia,,,,
Virginia,District,Name,Party,Committee Assignment,
Virginia,1st,"Wittman, Robert",R,Armed Services|Natural Resources|Select Comm on the Strategic Competition US and China,
Virginia,2nd,"Kiggans, Jennifer",R,Armed Services|Natural Resources|Veterans' Affairs,
Virginia,3rd,"Scott, Robert",D,Budget|Education and the Workforce,
Virginia,4th,"McClellan, Jennifer",D,"Armed Services|Science, Space, and Technology",
Virginia,5th,"Good, Bob",R,Budget|Education and the Workforce,
Virginia,6th,"Cline, Ben",R,Appropriations|Budget|Judiciary,
Virginia,7th,"Spanberger, Abigail",D,Agriculture|Intelligence,
Virginia,8th,"Beyer, Donald",D,Ways and Means,
Virginia,9th,"Griffith, H.",R,House Administration|Energy and Commerce,
Virginia,10th,"Wexton, Jennifer",D,Appropriations|Budget,
Virginia,11th,"Connolly, Gerald",D,Foreign Affairs|Select Subcommittee on the Weaponization of the Fed Govt|Oversight and Accountability,
Virgin Islands,Virgin Islands,,,,
Virgin Islands,District,Name,Party,Committee Assignment,
Virgin Islands,Delegate,"Plaskett, Stacey",D,Select Subcommittee on the Weaponization of the Fed Govt|Intelligence,
Washington,Washington,,,,
Washington,District,Name,Party,Committee Assignment,
Washington,1st,"DelBene, Suzan",D,Ways and Means,
Washington,2nd,"Larsen, Rick",D,Transportation and Infrastructure,
Washington,3rd,"Perez, Marie",D,Agriculture|Small Business,
Washington,4th,"Newhouse, Dan",R,Appropriations|Select Comm on the Strategic Competition US and China,
Washington,5th,"Rodgers, Cathy",R,Energy and Commerce,
Washington,6th,"Kilmer, Derek",D,Appropriations|House Administration,
Washington,7th,"Jayapal, Pramila",D,Education and the Workforce|Judiciary,
Washington,8th,"Schrier, Kim",D,Energy and Commerce,
Washington,9th,"Smith, Adam",D,Armed Services,
Washington,10th,"Strickland, Marilyn",D,Armed Services|Transportation and Infrastructure,
West Virginia,West Virginia,,,,
West Virginia,District,Name,Party,Committee Assignment,
West Virginia,1st,"Miller, Carol",R,Ways and Means,
West Virginia,2nd,"Mooney, Alexander",R,Financial Services,
Wisconsin,Wisconsin,,,,
Wisconsin,District,Name,Party,Committee Assignment,
Wisconsin,1st,"Steil, Bryan",R,Financial Services|House Administration|Joint Committee of Congress on the Library,
Wisconsin,2nd,"Pocan, Mark",D,Appropriations,
Wisconsin,3rd,"Van Orden, Derrick",R,Agriculture|Transportation and Infrastructure|Veterans' Affairs,
Wisconsin,4th,"Moore, Gwen",D,Ways and Means,
Wisconsin,5th,"Fitzgerald, Scott",R,Financial Services|Judiciary,
Wisconsin,6th,"Grothman, Glenn",R,Budget|Education and the Workforce|Oversight and Accountability,
Wisconsin,7th,"Tiffany, Thomas",R,Natural Resources|Judiciary,
Wisconsin,8th,"Gallagher, Mike",R,Armed Services|Intelligence|Select Comm on the Strategic Competition US and China,
Wyoming,Wyoming,,,,
Wyoming,District,Name,Party,Committee Assignment,
Wyoming,At Large,"Hageman, Harriet",R,Select Subcommittee on the Weaponization of the Fed Govt|Natural Resources|Judiciary,